-- MariaDB dump 10.17  Distrib 10.4.15-MariaDB, for Linux (x86_64)
--
-- Host: mysql.hostinger.ro    Database: u574849695_25
-- ------------------------------------------------------
-- Server version	10.4.15-MariaDB-cll-lve

/*!40101 SET @OLD_CHARACTER_SET_CLIENT=@@CHARACTER_SET_CLIENT */;
/*!40101 SET @OLD_CHARACTER_SET_RESULTS=@@CHARACTER_SET_RESULTS */;
/*!40101 SET @OLD_COLLATION_CONNECTION=@@COLLATION_CONNECTION */;
/*!40101 SET NAMES utf8mb4 */;
/*!40103 SET @OLD_TIME_ZONE=@@TIME_ZONE */;
/*!40103 SET TIME_ZONE='+00:00' */;
/*!40014 SET @OLD_UNIQUE_CHECKS=@@UNIQUE_CHECKS, UNIQUE_CHECKS=0 */;
/*!40014 SET @OLD_FOREIGN_KEY_CHECKS=@@FOREIGN_KEY_CHECKS, FOREIGN_KEY_CHECKS=0 */;
/*!40101 SET @OLD_SQL_MODE=@@SQL_MODE, SQL_MODE='NO_AUTO_VALUE_ON_ZERO' */;
/*!40111 SET @OLD_SQL_NOTES=@@SQL_NOTES, SQL_NOTES=0 */;

--
-- Table structure for table `catalogs`
--

DROP TABLE IF EXISTS `catalogs`;
/*!40101 SET @saved_cs_client     = @@character_set_client */;
/*!40101 SET character_set_client = utf8 */;
CREATE TABLE `catalogs` (
  `id` bigint(20) unsigned NOT NULL AUTO_INCREMENT,
  `name` varchar(255) COLLATE utf8mb4_unicode_ci DEFAULT NULL COMMENT 'Название раздела',
  PRIMARY KEY (`id`),
  UNIQUE KEY `unique_name` (`name`(10))
) ENGINE=InnoDB AUTO_INCREMENT=101 DEFAULT CHARSET=utf8mb4 COLLATE=utf8mb4_unicode_ci COMMENT='Разделы интернет-магазина';
/*!40101 SET character_set_client = @saved_cs_client */;

--
-- Dumping data for table `catalogs`
--

LOCK TABLES `catalogs` WRITE;
/*!40000 ALTER TABLE `catalogs` DISABLE KEYS */;
INSERT INTO `catalogs` VALUES (1,'non'),(2,'voluptatem'),(3,'aut'),(4,'veritatis'),(5,'sequi'),(6,'dolor'),(7,'quae'),(8,'sit'),(9,'error'),(10,'eum'),(11,'ad'),(12,'reiciendis'),(13,'veniam'),(14,'ut'),(15,'occaecati'),(16,'illo'),(17,'sunt'),(18,'nihil'),(19,'eaque'),(20,'dolorem'),(21,'temporibus'),(22,'a'),(23,'nobis'),(24,'qui'),(25,'et'),(26,'dolores'),(27,'iste'),(28,'mollitia'),(29,'velit'),(30,'similique'),(31,'aliquid'),(32,'autem'),(33,'deleniti'),(34,'facilis'),(35,'maxime'),(36,'quo'),(37,'cupiditate'),(38,'voluptatibus'),(39,'natus'),(40,'voluptas'),(41,'dolorum'),(42,'tempora'),(43,'corrupti'),(44,'quod'),(45,'hic'),(46,'aspernatur'),(47,'nesciunt'),(48,'nostrum'),(49,'atque'),(50,'consequatur'),(51,'iusto'),(52,'omnis'),(53,'unde'),(54,'asperiores'),(55,'ipsa'),(56,'in'),(57,'cum'),(58,'quia'),(59,'possimus'),(60,'sed'),(61,'necessitatibus'),(62,'saepe'),(63,'commodi'),(64,'quas'),(65,'impedit'),(66,'placeat'),(67,'id'),(68,'fuga'),(69,'exercitationem'),(70,'quidem'),(71,'praesentium'),(72,'repellat'),(73,'aperiam'),(74,'laboriosam'),(75,'ipsum'),(76,'totam'),(77,'ea'),(78,'laudantium'),(79,'ipsam'),(80,'ex'),(81,'adipisci'),(82,'repellendus'),(83,'libero'),(84,'architecto'),(85,'tenetur'),(86,'eos'),(87,'consectetur'),(88,'minima'),(89,'est'),(90,'molestias'),(91,'tempore'),(92,'cumque'),(93,'accusantium'),(94,'nisi'),(95,'nam'),(96,'perferendis'),(97,'sint'),(98,'labore'),(99,'modi'),(100,'nemo');
/*!40000 ALTER TABLE `catalogs` ENABLE KEYS */;
UNLOCK TABLES;

--
-- Table structure for table `orders`
--

DROP TABLE IF EXISTS `orders`;
/*!40101 SET @saved_cs_client     = @@character_set_client */;
/*!40101 SET character_set_client = utf8 */;
CREATE TABLE `orders` (
  `id` bigint(20) unsigned NOT NULL AUTO_INCREMENT,
  `user_id` int(10) unsigned DEFAULT NULL,
  `created_at` datetime DEFAULT current_timestamp(),
  `updated_at` datetime DEFAULT current_timestamp() ON UPDATE current_timestamp(),
  PRIMARY KEY (`id`),
  KEY `index_of_user_id` (`user_id`)
) ENGINE=InnoDB AUTO_INCREMENT=101 DEFAULT CHARSET=utf8mb4 COLLATE=utf8mb4_unicode_ci COMMENT='Заказы';
/*!40101 SET character_set_client = @saved_cs_client */;

--
-- Dumping data for table `orders`
--

LOCK TABLES `orders` WRITE;
/*!40000 ALTER TABLE `orders` DISABLE KEYS */;
INSERT INTO `orders` VALUES (1,1,'2021-08-25 07:08:41','2021-08-25 07:08:41'),(2,2,'2021-08-25 07:08:41','2021-08-25 07:08:41'),(3,3,'2021-08-25 07:08:41','2021-08-25 07:08:41'),(4,4,'2021-08-25 07:08:41','2021-08-25 07:08:41'),(5,5,'2021-08-25 07:08:41','2021-08-25 07:08:41'),(6,6,'2021-08-25 07:08:41','2021-08-25 07:08:41'),(7,7,'2021-08-25 07:08:41','2021-08-25 07:08:41'),(8,8,'2021-08-25 07:08:41','2021-08-25 07:08:41'),(9,9,'2021-08-25 07:08:41','2021-08-25 07:08:41'),(10,10,'2021-08-25 07:08:41','2021-08-25 07:08:41'),(11,11,'2021-08-25 07:08:41','2021-08-25 07:08:41'),(12,12,'2021-08-25 07:08:41','2021-08-25 07:08:41'),(13,13,'2021-08-25 07:08:41','2021-08-25 07:08:41'),(14,14,'2021-08-25 07:08:41','2021-08-25 07:08:41'),(15,15,'2021-08-25 07:08:41','2021-08-25 07:08:41'),(16,16,'2021-08-25 07:08:41','2021-08-25 07:08:41'),(17,17,'2021-08-25 07:08:41','2021-08-25 07:08:41'),(18,18,'2021-08-25 07:08:41','2021-08-25 07:08:41'),(19,19,'2021-08-25 07:08:41','2021-08-25 07:08:41'),(20,20,'2021-08-25 07:08:41','2021-08-25 07:08:41'),(21,21,'2021-08-25 07:08:41','2021-08-25 07:08:41'),(22,22,'2021-08-25 07:08:41','2021-08-25 07:08:41'),(23,23,'2021-08-25 07:08:41','2021-08-25 07:08:41'),(24,24,'2021-08-25 07:08:41','2021-08-25 07:08:41'),(25,25,'2021-08-25 07:08:41','2021-08-25 07:08:41'),(26,26,'2021-08-25 07:08:41','2021-08-25 07:08:41'),(27,27,'2021-08-25 07:08:41','2021-08-25 07:08:41'),(28,28,'2021-08-25 07:08:41','2021-08-25 07:08:41'),(29,29,'2021-08-25 07:08:41','2021-08-25 07:08:41'),(30,30,'2021-08-25 07:08:41','2021-08-25 07:08:41'),(31,31,'2021-08-25 07:08:41','2021-08-25 07:08:41'),(32,32,'2021-08-25 07:08:41','2021-08-25 07:08:41'),(33,33,'2021-08-25 07:08:41','2021-08-25 07:08:41'),(34,34,'2021-08-25 07:08:41','2021-08-25 07:08:41'),(35,35,'2021-08-25 07:08:41','2021-08-25 07:08:41'),(36,36,'2021-08-25 07:08:41','2021-08-25 07:08:41'),(37,37,'2021-08-25 07:08:41','2021-08-25 07:08:41'),(38,38,'2021-08-25 07:08:41','2021-08-25 07:08:41'),(39,39,'2021-08-25 07:08:41','2021-08-25 07:08:41'),(40,40,'2021-08-25 07:08:41','2021-08-25 07:08:41'),(41,41,'2021-08-25 07:08:41','2021-08-25 07:08:41'),(42,42,'2021-08-25 07:08:41','2021-08-25 07:08:41'),(43,43,'2021-08-25 07:08:41','2021-08-25 07:08:41'),(44,44,'2021-08-25 07:08:41','2021-08-25 07:08:41'),(45,45,'2021-08-25 07:08:41','2021-08-25 07:08:41'),(46,46,'2021-08-25 07:08:41','2021-08-25 07:08:41'),(47,47,'2021-08-25 07:08:41','2021-08-25 07:08:41'),(48,48,'2021-08-25 07:08:41','2021-08-25 07:08:41'),(49,49,'2021-08-25 07:08:41','2021-08-25 07:08:41'),(50,50,'2021-08-25 07:08:41','2021-08-25 07:08:41'),(51,51,'2021-08-25 07:08:41','2021-08-25 07:08:41'),(52,52,'2021-08-25 07:08:41','2021-08-25 07:08:41'),(53,53,'2021-08-25 07:08:41','2021-08-25 07:08:41'),(54,54,'2021-08-25 07:08:41','2021-08-25 07:08:41'),(55,55,'2021-08-25 07:08:41','2021-08-25 07:08:41'),(56,56,'2021-08-25 07:08:41','2021-08-25 07:08:41'),(57,57,'2021-08-25 07:08:41','2021-08-25 07:08:41'),(58,58,'2021-08-25 07:08:41','2021-08-25 07:08:41'),(59,59,'2021-08-25 07:08:41','2021-08-25 07:08:41'),(60,60,'2021-08-25 07:08:41','2021-08-25 07:08:41'),(61,61,'2021-08-25 07:08:41','2021-08-25 07:08:41'),(62,62,'2021-08-25 07:08:41','2021-08-25 07:08:41'),(63,63,'2021-08-25 07:08:41','2021-08-25 07:08:41'),(64,64,'2021-08-25 07:08:41','2021-08-25 07:08:41'),(65,65,'2021-08-25 07:08:41','2021-08-25 07:08:41'),(66,66,'2021-08-25 07:08:41','2021-08-25 07:08:41'),(67,67,'2021-08-25 07:08:41','2021-08-25 07:08:41'),(68,68,'2021-08-25 07:08:41','2021-08-25 07:08:41'),(69,69,'2021-08-25 07:08:41','2021-08-25 07:08:41'),(70,70,'2021-08-25 07:08:41','2021-08-25 07:08:41'),(71,71,'2021-08-25 07:08:41','2021-08-25 07:08:41'),(72,72,'2021-08-25 07:08:41','2021-08-25 07:08:41'),(73,73,'2021-08-25 07:08:41','2021-08-25 07:08:41'),(74,74,'2021-08-25 07:08:41','2021-08-25 07:08:41'),(75,75,'2021-08-25 07:08:41','2021-08-25 07:08:41'),(76,76,'2021-08-25 07:08:41','2021-08-25 07:08:41'),(77,77,'2021-08-25 07:08:41','2021-08-25 07:08:41'),(78,78,'2021-08-25 07:08:41','2021-08-25 07:08:41'),(79,79,'2021-08-25 07:08:41','2021-08-25 07:08:41'),(80,80,'2021-08-25 07:08:41','2021-08-25 07:08:41'),(81,81,'2021-08-25 07:08:41','2021-08-25 07:08:41'),(82,82,'2021-08-25 07:08:41','2021-08-25 07:08:41'),(83,83,'2021-08-25 07:08:41','2021-08-25 07:08:41'),(84,84,'2021-08-25 07:08:41','2021-08-25 07:08:41'),(85,85,'2021-08-25 07:08:41','2021-08-25 07:08:41'),(86,86,'2021-08-25 07:08:41','2021-08-25 07:08:41'),(87,87,'2021-08-25 07:08:41','2021-08-25 07:08:41'),(88,88,'2021-08-25 07:08:41','2021-08-25 07:08:41'),(89,89,'2021-08-25 07:08:41','2021-08-25 07:08:41'),(90,90,'2021-08-25 07:08:41','2021-08-25 07:08:41'),(91,91,'2021-08-25 07:08:41','2021-08-25 07:08:41'),(92,92,'2021-08-25 07:08:41','2021-08-25 07:08:41'),(93,93,'2021-08-25 07:08:41','2021-08-25 07:08:41'),(94,94,'2021-08-25 07:08:41','2021-08-25 07:08:41'),(95,95,'2021-08-25 07:08:41','2021-08-25 07:08:41'),(96,96,'2021-08-25 07:08:41','2021-08-25 07:08:41'),(97,97,'2021-08-25 07:08:41','2021-08-25 07:08:41'),(98,98,'2021-08-25 07:08:41','2021-08-25 07:08:41'),(99,99,'2021-08-25 07:08:41','2021-08-25 07:08:41'),(100,100,'2021-08-25 07:08:41','2021-08-25 07:08:41');
/*!40000 ALTER TABLE `orders` ENABLE KEYS */;
UNLOCK TABLES;

--
-- Table structure for table `products`
--

DROP TABLE IF EXISTS `products`;
/*!40101 SET @saved_cs_client     = @@character_set_client */;
/*!40101 SET character_set_client = utf8 */;
CREATE TABLE `products` (
  `id` bigint(20) unsigned NOT NULL AUTO_INCREMENT,
  `name` varchar(255) COLLATE utf8mb4_unicode_ci DEFAULT NULL COMMENT 'Название',
  `desription` text COLLATE utf8mb4_unicode_ci DEFAULT NULL COMMENT 'Описание',
  `price` decimal(11,2) DEFAULT NULL COMMENT 'Цена',
  `catalog_id` int(10) unsigned DEFAULT NULL,
  `created_at` datetime DEFAULT current_timestamp(),
  `updated_at` datetime DEFAULT current_timestamp() ON UPDATE current_timestamp(),
  PRIMARY KEY (`id`),
  KEY `index_of_catalog_id` (`catalog_id`)
) ENGINE=InnoDB AUTO_INCREMENT=101 DEFAULT CHARSET=utf8mb4 COLLATE=utf8mb4_unicode_ci COMMENT='Товарные позиции';
/*!40101 SET character_set_client = @saved_cs_client */;

--
-- Dumping data for table `products`
--

LOCK TABLES `products` WRITE;
/*!40000 ALTER TABLE `products` DISABLE KEYS */;
INSERT INTO `products` VALUES (1,'quae','Quaerat minima quibusdam eveniet eum corporis provident dignissimos. Dolor enim minima ut incidunt non consequuntur. Ab eum deserunt est rerum omnis debitis. Aut commodi ullam doloribus voluptatem.',0.11,1,'2021-08-25 07:09:33','2021-08-25 07:09:33'),(2,'et','Non enim nihil sint. Consequatur qui quidem eos nisi vel accusantium. Natus qui et id. Et incidunt expedita minima.',2471.60,2,'2021-08-25 07:09:33','2021-08-25 07:09:33'),(3,'optio','Impedit adipisci sunt voluptatum magni. Nisi enim at numquam ab repudiandae omnis. Dolor dolores officia ut molestiae sit.',870622.63,3,'2021-08-25 07:09:33','2021-08-25 07:09:33'),(4,'distinctio','Pariatur et culpa debitis qui culpa ab. Recusandae ab ea dolorem voluptas dignissimos. Cupiditate aut totam ut eaque deleniti magnam. Maiores dicta labore provident quia sint corporis.',12783.50,4,'2021-08-25 07:09:33','2021-08-25 07:09:33'),(5,'nulla','Voluptatem expedita sunt quod optio ex est. Suscipit perspiciatis porro qui ut perspiciatis et. Temporibus ullam quae facere magnam eius dolores. Voluptas et illo veniam voluptas quibusdam.',35099007.38,5,'2021-08-25 07:09:33','2021-08-25 07:09:33'),(6,'quaerat','Provident et aut excepturi inventore dolore. Laboriosam cum voluptatem dolore nemo illo fugit placeat. Nobis voluptatibus illum voluptate facere repellat. Consectetur sit est et cupiditate quisquam.',1.38,6,'2021-08-25 07:09:33','2021-08-25 07:09:33'),(7,'voluptatem','Et natus modi ut hic optio ut. Ut et explicabo unde inventore et laudantium quaerat fugiat. Magni aliquid odio laborum nam.',0.40,7,'2021-08-25 07:09:33','2021-08-25 07:09:33'),(8,'qui','Minima quae quia voluptatum in dolores. Eos aut voluptates commodi et ad quae iusto. Repellendus dolor et minus voluptas.',387.00,8,'2021-08-25 07:09:33','2021-08-25 07:09:33'),(9,'ea','Blanditiis asperiores quasi nesciunt ipsam voluptates nostrum. Et sit veritatis necessitatibus est dolores et. Neque perspiciatis rerum est libero tempore ea.',441939.24,9,'2021-08-25 07:09:33','2021-08-25 07:09:33'),(10,'molestiae','Quia fuga modi corporis similique quo quia minus. Labore itaque quis aspernatur et. Excepturi sunt dolores ab sequi consequatur suscipit consequatur. Cumque nihil est labore.',72.28,10,'2021-08-25 07:09:33','2021-08-25 07:09:33'),(11,'omnis','Eaque velit qui ab omnis iure ipsum rerum. Architecto modi quam et aliquid. Ut eum eveniet totam corporis rerum et.',402086362.77,11,'2021-08-25 07:09:33','2021-08-25 07:09:33'),(12,'non','Et pariatur placeat repellat alias excepturi laboriosam magni quas. Doloribus temporibus veniam nostrum ea. Ut nihil aut excepturi sed iste eveniet tempore.',9257.48,12,'2021-08-25 07:09:33','2021-08-25 07:09:33'),(13,'voluptas','Eius accusamus consequatur modi et quis. Reiciendis quidem architecto laborum.\nEt eveniet dignissimos esse rerum ipsam. Ratione quam quas qui ipsum. Ea quidem est sit earum.',39.11,13,'2021-08-25 07:09:33','2021-08-25 07:09:33'),(14,'odio','Illo consequatur pariatur commodi aut. In dolor possimus laudantium non quam doloribus. Dolores ullam in tenetur nostrum amet dolorem.',6955.05,14,'2021-08-25 07:09:33','2021-08-25 07:09:33'),(15,'sit','Delectus exercitationem veritatis aperiam aut qui eaque iste. Ut ea voluptatem error quas et. Ea quis enim similique omnis deserunt quas. Et est voluptate aut aut sed et quaerat.',8429.74,15,'2021-08-25 07:09:33','2021-08-25 07:09:33'),(16,'consequatur','Quibusdam necessitatibus tenetur laborum debitis officia et. Error aut rerum qui. Ut quidem rerum necessitatibus officiis perspiciatis debitis.',4.12,16,'2021-08-25 07:09:33','2021-08-25 07:09:33'),(17,'consequuntur','Sed iusto est beatae. Quia accusamus accusantium sit. Blanditiis repellendus cum magnam perferendis fugit vitae veniam. Ea ut velit ea autem.',0.00,17,'2021-08-25 07:09:33','2021-08-25 07:09:33'),(18,'explicabo','Odio pariatur inventore nulla dolor. Illum maxime ut qui culpa accusantium quia ex. Quia quis nisi et. Iste mollitia ipsa repellendus voluptates cum qui.',1582.52,18,'2021-08-25 07:09:33','2021-08-25 07:09:33'),(19,'et','Incidunt modi distinctio expedita non sapiente architecto qui. Quo similique quas ut. Voluptatem ut nobis ea. Vel eos sequi delectus doloremque libero aliquid.',1542351.09,19,'2021-08-25 07:09:33','2021-08-25 07:09:33'),(20,'rerum','Saepe reprehenderit ut corrupti aliquam dolorem eos. Sint vero quidem consequatur iusto facilis nesciunt. Sed sunt et rerum. Aliquam accusantium iure dolor odio quam.',211453510.42,20,'2021-08-25 07:09:33','2021-08-25 07:09:33'),(21,'fugit','Laudantium vitae non est minus animi. Iusto assumenda ut cum ut tempore vero voluptatem. Aut est cumque sed. Et illo quis magni voluptatum quo.',0.09,21,'2021-08-25 07:09:33','2021-08-25 07:09:33'),(22,'vel','Mollitia optio totam unde et et culpa. Nisi tenetur quia in vero. Non qui qui tempore qui mollitia repudiandae rerum.',126.00,22,'2021-08-25 07:09:33','2021-08-25 07:09:33'),(23,'explicabo','Incidunt dolorum exercitationem nostrum quas quo aspernatur deleniti. Aut alias qui molestias dicta. Aut repellat minima rerum repudiandae alias esse.',8806308.63,23,'2021-08-25 07:09:33','2021-08-25 07:09:33'),(24,'ipsam','Iure nemo minima impedit laudantium. Nihil in corrupti voluptatem id quasi non nemo. Tempore amet esse tempore nemo omnis quia sint.',38.00,24,'2021-08-25 07:09:33','2021-08-25 07:09:33'),(25,'velit','Ex quis id dolor pariatur minima vitae neque. Fugit impedit distinctio vitae nostrum provident corrupti mollitia. Cumque ullam quod enim et maxime sunt blanditiis.',5.80,25,'2021-08-25 07:09:33','2021-08-25 07:09:33'),(26,'sed','Ut voluptatem sed et dolor fugiat. Sequi eos sed voluptatum at ab rem est. Qui amet sed ut minus dolorem.',85742271.53,26,'2021-08-25 07:09:33','2021-08-25 07:09:33'),(27,'rerum','Et nostrum enim autem velit veritatis tenetur rem nesciunt. Rerum aut animi modi suscipit autem tempore sit tempora. Nulla totam magnam eum aut magni autem rerum. Quod recusandae magni a quis autem.',178.40,27,'2021-08-25 07:09:33','2021-08-25 07:09:33'),(28,'amet','Et eos qui natus est eius quam. Et sed corrupti tempora iusto quibusdam dolore. Mollitia rerum doloremque accusamus dolor.',3000156.32,28,'2021-08-25 07:09:33','2021-08-25 07:09:33'),(29,'ullam','Sint tenetur fuga quia numquam quia veniam impedit. Iste quo harum fuga amet qui dicta. Doloribus tempora sit ad quaerat porro.',62.97,29,'2021-08-25 07:09:33','2021-08-25 07:09:33'),(30,'corrupti','Velit et aut corrupti aperiam aspernatur laborum voluptatem. Itaque perspiciatis aliquid ut. Velit ab occaecati occaecati earum ad illo.',35184516.02,30,'2021-08-25 07:09:33','2021-08-25 07:09:33'),(31,'quia','Distinctio eum aut mollitia ducimus. Libero explicabo molestiae omnis eos ipsum nemo. Quo inventore eum et. Dolores quaerat culpa debitis nobis labore illo in rerum.',1.60,31,'2021-08-25 07:09:33','2021-08-25 07:09:33'),(32,'eaque','Ex reiciendis deleniti quo cum. Quia dolor nihil mollitia voluptas aut et. Odio dolorem ullam optio cumque ab sit. Maiores perferendis ipsa sed cum repudiandae eaque.',1956094.20,32,'2021-08-25 07:09:33','2021-08-25 07:09:33'),(33,'reiciendis','Quo quasi fugiat commodi odit. Nisi dolor ratione quae perspiciatis tempora asperiores. Recusandae amet quos temporibus voluptatem. Voluptas velit quaerat dolorum.',83525965.63,33,'2021-08-25 07:09:33','2021-08-25 07:09:33'),(34,'maxime','Ut et sapiente laborum ut id voluptatibus vero. Ex eaque sint vel fuga. Aut laboriosam sit architecto delectus qui id.',5155.27,34,'2021-08-25 07:09:33','2021-08-25 07:09:33'),(35,'ut','Dolorem molestiae quia consequatur. Nihil consequuntur deleniti odio consequuntur qui molestiae est. Atque rerum alias enim rerum aut dolorum illo.',0.00,35,'2021-08-25 07:09:33','2021-08-25 07:09:33'),(36,'debitis','Temporibus quae labore labore voluptas consequuntur. Quasi ipsa et qui ut. Placeat et ea quis.\nId provident iste quisquam eum totam ratione. Unde vero est a deserunt et.',1.40,36,'2021-08-25 07:09:33','2021-08-25 07:09:33'),(37,'officia','Velit asperiores assumenda labore at in. Et dolor aut ut velit a et. Amet rerum quas et laboriosam expedita vel aut. Libero atque in aut nesciunt qui nam accusantium sint.',18428746.00,37,'2021-08-25 07:09:33','2021-08-25 07:09:33'),(38,'commodi','Dolorum eos quis dolore ea. Velit qui quas pariatur libero quod sit molestias velit. Earum ea quasi eius eum. Odit quia quo aut.',636243.89,38,'2021-08-25 07:09:33','2021-08-25 07:09:33'),(39,'magni','Architecto neque molestiae rem id qui dignissimos est. Fugit quia unde quaerat porro veniam. Reprehenderit libero consequuntur suscipit eaque sit vel quasi.',3090503.97,39,'2021-08-25 07:09:33','2021-08-25 07:09:33'),(40,'similique','Nihil ut labore qui. Tempore non consectetur voluptas in. Aut quidem officia voluptatem. Debitis qui id temporibus accusantium sunt omnis.',337986.45,40,'2021-08-25 07:09:33','2021-08-25 07:09:33'),(41,'dolores','Similique sed voluptatem quis voluptas nesciunt quos. Et repudiandae error illo inventore. Omnis et quia iusto dolorem suscipit. Praesentium maxime deserunt aliquid laboriosam dolorum.',1169428.17,41,'2021-08-25 07:09:33','2021-08-25 07:09:33'),(42,'dignissimos','Id explicabo est unde maxime enim aut. Enim accusantium autem rem a harum et omnis. Pariatur sunt qui cumque est occaecati eum quasi.',25607.62,42,'2021-08-25 07:09:33','2021-08-25 07:09:33'),(43,'ducimus','Enim et dignissimos sint qui sunt occaecati in. Impedit incidunt vel minus odit sint corrupti eum voluptatem. Expedita et repudiandae omnis consectetur. Iste dolor voluptatem dolore aperiam qui quia.',440.12,43,'2021-08-25 07:09:33','2021-08-25 07:09:33'),(44,'repellat','Quia veritatis et tempora alias cum optio molestiae. Odit dolores iste tempore porro. Voluptatem animi eum qui iusto. Tempore aspernatur quos distinctio itaque tempore nisi.',568178.54,44,'2021-08-25 07:09:33','2021-08-25 07:09:33'),(45,'corrupti','Officia nemo voluptatem voluptatibus reiciendis quo id. Distinctio consequatur sed quia consequatur. Ex molestias veniam modi exercitationem facilis provident.',1.07,45,'2021-08-25 07:09:33','2021-08-25 07:09:33'),(46,'maiores','Dolor quo accusamus sit facere et reprehenderit. Rem ut vitae minus maxime. Quam dolorem culpa deleniti sapiente placeat non.',394376106.51,46,'2021-08-25 07:09:33','2021-08-25 07:09:33'),(47,'eos','Fugit qui aspernatur quidem aliquam tempora. Delectus possimus quisquam quia aut aut a. Sapiente accusamus ut eaque nam ut nihil dignissimos adipisci.',535062.58,47,'2021-08-25 07:09:33','2021-08-25 07:09:33'),(48,'dignissimos','Incidunt labore perspiciatis labore sit non ut. Consequatur sit enim expedita beatae.',0.00,48,'2021-08-25 07:09:33','2021-08-25 07:09:33'),(49,'sit','Autem assumenda dicta et illum. Rerum ut neque pariatur delectus natus. Enim recusandae quae excepturi officia sunt.',23296.24,49,'2021-08-25 07:09:33','2021-08-25 07:09:33'),(50,'corporis','Et repellat beatae dolores dolore doloribus. Distinctio quo autem est hic. Sunt iure et voluptatibus veniam eaque.',3965732.21,50,'2021-08-25 07:09:33','2021-08-25 07:09:33'),(51,'aut','Quo est dolor cum nisi. Et quos sequi placeat odit. Ducimus distinctio dolorem laboriosam aut praesentium. Id mollitia molestiae laborum sint temporibus.',34875.80,51,'2021-08-25 07:09:33','2021-08-25 07:09:33'),(52,'voluptatem','Officiis iste omnis aperiam omnis. Laudantium soluta ea et ullam ratione. Exercitationem consequatur ut at dolor eos repellat sapiente. Ut corporis earum ratione et esse.',17635.71,52,'2021-08-25 07:09:33','2021-08-25 07:09:33'),(53,'est','Quis cumque sit quas magnam. Sunt reiciendis adipisci culpa. Laboriosam voluptate itaque eum qui. Dolore tempore ipsam ea.',0.00,53,'2021-08-25 07:09:33','2021-08-25 07:09:33'),(54,'molestiae','Labore eum aut veritatis non dolorem. Quis ducimus esse cumque omnis. Nobis natus fuga possimus consequuntur velit.',249593.90,54,'2021-08-25 07:09:33','2021-08-25 07:09:33'),(55,'itaque','Commodi cupiditate voluptates libero eum aut dignissimos est. Quod et et fugiat eaque. Et voluptatem quo repellendus qui.',0.00,55,'2021-08-25 07:09:33','2021-08-25 07:09:33'),(56,'maiores','Autem ad magnam et. Nulla nisi laboriosam est nulla nam. Ea omnis expedita aut nemo. Rerum incidunt delectus animi rerum.',9.80,56,'2021-08-25 07:09:33','2021-08-25 07:09:33'),(57,'quidem','Nulla nobis molestias adipisci perferendis eveniet. Totam repellendus consequatur earum culpa officia temporibus ut. Sit vitae officiis recusandae consequatur. Vitae et autem aperiam laboriosam eum.',658475550.00,57,'2021-08-25 07:09:33','2021-08-25 07:09:33'),(58,'voluptatem','Dolorum perspiciatis quia ut nam id. Quis ut dolor ut minima eaque. In tempore incidunt quae quae laborum minima. Provident consectetur magni vero a.',0.00,58,'2021-08-25 07:09:33','2021-08-25 07:09:33'),(59,'quos','Est corporis est commodi a ab. Ipsa nulla blanditiis est tempore nisi praesentium. Recusandae maxime id ab voluptatem nostrum. Nihil explicabo dignissimos consequatur facere consectetur.',2.21,59,'2021-08-25 07:09:33','2021-08-25 07:09:33'),(60,'similique','Sequi architecto ut eos labore. Corrupti amet quo laudantium voluptas a repellendus sit amet. Voluptate quisquam fuga et quia id. Voluptatem recusandae corporis cupiditate.',474431652.45,60,'2021-08-25 07:09:33','2021-08-25 07:09:33'),(61,'ut','Aut dolores rem quaerat ut nesciunt. Cupiditate ipsum laborum quia et fugiat. Esse omnis mollitia voluptas commodi officia.',0.04,61,'2021-08-25 07:09:33','2021-08-25 07:09:33'),(62,'voluptas','Enim officiis laboriosam sint error dolores sit aut et. Aut nihil vero voluptatem atque qui. Eaque placeat et aperiam maxime. Et cumque aut sequi commodi ipsa corporis sapiente.',0.29,62,'2021-08-25 07:09:33','2021-08-25 07:09:33'),(63,'illum','Quia ut eos asperiores molestiae laborum. Veniam necessitatibus ipsa ea architecto. Perferendis consequatur libero vitae quae maxime sunt. Odio impedit ratione ut.',29227.56,63,'2021-08-25 07:09:33','2021-08-25 07:09:33'),(64,'saepe','Magnam ut reiciendis qui ex natus est sint. Sed modi facere aut at laudantium in. Harum nesciunt nesciunt et. Dolorum quasi officia maiores.',10.78,64,'2021-08-25 07:09:33','2021-08-25 07:09:33'),(65,'quasi','Ab nobis animi omnis nihil rerum. Dolorum autem quos incidunt modi.',12766.51,65,'2021-08-25 07:09:33','2021-08-25 07:09:33'),(66,'ipsam','Aliquid sint blanditiis assumenda ab. Quos omnis quidem architecto. Animi suscipit maxime id non omnis excepturi vitae.',35955.26,66,'2021-08-25 07:09:33','2021-08-25 07:09:33'),(67,'dolorum','Et iusto consequatur ratione est ullam sunt. Cumque blanditiis omnis dicta provident omnis. Odit repellat neque qui reprehenderit animi. Qui aut ut saepe ex eum.',3357.80,67,'2021-08-25 07:09:33','2021-08-25 07:09:33'),(68,'tenetur','Et cum omnis doloremque aut. Molestiae quasi impedit et molestias. Sequi mollitia mollitia quasi aliquid quisquam velit.',0.00,68,'2021-08-25 07:09:33','2021-08-25 07:09:33'),(69,'praesentium','Iusto qui iste rerum sint voluptatibus. Laboriosam distinctio aut nihil nulla dolores saepe dolores. Aperiam est ea autem nisi. Sed autem similique eum suscipit totam minima.',554675.32,69,'2021-08-25 07:09:33','2021-08-25 07:09:33'),(70,'unde','Itaque reprehenderit ab magnam. Sint esse sint nemo consequuntur. Totam fuga est qui quibusdam soluta.',0.00,70,'2021-08-25 07:09:33','2021-08-25 07:09:33'),(71,'qui','Repudiandae amet distinctio non consectetur quo. Odio et dolores non quibusdam. Id maxime consectetur in alias cum. Fuga sequi ea in. Qui reprehenderit quia ea asperiores ut sunt.',3238.02,71,'2021-08-25 07:09:33','2021-08-25 07:09:33'),(72,'in','Fugit reiciendis corrupti molestias magnam delectus atque amet. Quia ab cum dolorum debitis.',254644861.00,72,'2021-08-25 07:09:33','2021-08-25 07:09:33'),(73,'quia','Et quis assumenda provident ab quia dolorum quibusdam beatae. Ipsam aspernatur illo quas ut voluptatibus quidem. Iusto cum accusamus labore vel libero sint blanditiis.',28386404.49,73,'2021-08-25 07:09:33','2021-08-25 07:09:33'),(74,'inventore','Iure illo expedita fugit numquam ea iusto expedita. Aliquam fuga hic est autem corrupti rerum possimus. Suscipit magni aut vitae rerum in et ea.',11.54,74,'2021-08-25 07:09:33','2021-08-25 07:09:33'),(75,'reprehenderit','Nemo nam occaecati sint unde. Enim iste accusantium harum rerum. Mollitia non aut aspernatur perferendis dolorem. Dolor sed enim ut perferendis voluptatem distinctio velit.',2.90,75,'2021-08-25 07:09:33','2021-08-25 07:09:33'),(76,'molestiae','Ipsa temporibus culpa aut saepe exercitationem incidunt et. Nihil eveniet est laboriosam sapiente quia. Minima aut quo consectetur.',650116094.28,76,'2021-08-25 07:09:33','2021-08-25 07:09:33'),(77,'est','Debitis voluptas sed repellat porro est ipsam ut. Cum ex aut sed est. Dolor dolorem vel alias inventore optio voluptas tempora. Consequuntur dignissimos incidunt voluptas eius ut et.',41199.62,77,'2021-08-25 07:09:33','2021-08-25 07:09:33'),(78,'facere','Voluptate in magni officia perspiciatis ab. Itaque adipisci tempore omnis sint eaque dignissimos sapiente impedit. Blanditiis omnis reiciendis eligendi unde. Laboriosam hic qui id corporis quae eos.',5.20,78,'2021-08-25 07:09:33','2021-08-25 07:09:33'),(79,'non','Deserunt tempora nostrum earum fugit aut aut similique repellendus. Aut quasi velit veritatis et a. Consequatur sint omnis vitae.',5.61,79,'2021-08-25 07:09:33','2021-08-25 07:09:33'),(80,'ut','Voluptatum enim nihil et officiis. Pariatur sit id laudantium veniam esse omnis architecto non. At consequatur quasi laudantium vitae iste commodi.',494.65,80,'2021-08-25 07:09:33','2021-08-25 07:09:33'),(81,'necessitatibus','Facere quia eos possimus saepe sint et. Enim non sed odit itaque. Autem a sed aperiam voluptas placeat. Omnis praesentium ipsam accusamus.',5473970.01,81,'2021-08-25 07:09:33','2021-08-25 07:09:33'),(82,'et','Sit ut numquam suscipit sed et. Fugit et quam eveniet tempora et. Non non sapiente aut vel.',2.80,82,'2021-08-25 07:09:33','2021-08-25 07:09:33'),(83,'earum','Rerum voluptatem ut rem quam. At earum neque qui impedit dolor nesciunt optio. Temporibus tenetur expedita qui iusto inventore. Inventore vitae aut inventore officiis possimus.',21669640.06,83,'2021-08-25 07:09:33','2021-08-25 07:09:33'),(84,'temporibus','Iste dignissimos eos facilis. Sint quidem quis alias eos vero sint eos. Placeat unde accusamus libero tempore illum nisi. Nihil et et voluptate.',3705009.89,84,'2021-08-25 07:09:33','2021-08-25 07:09:33'),(85,'sit','Quia in ut tenetur aperiam. Beatae facere et et aut qui. Nostrum tempora eaque error ad vero reiciendis maiores.',774144778.10,85,'2021-08-25 07:09:33','2021-08-25 07:09:33'),(86,'est','Sequi dolor aut eius dolor molestiae quia sit. Qui perspiciatis sed sint velit vel suscipit autem. Explicabo tempora voluptas est sint. Velit nisi atque debitis adipisci.',26511.39,86,'2021-08-25 07:09:33','2021-08-25 07:09:33'),(87,'eos','Officiis voluptates quod hic nostrum laborum dignissimos. Assumenda voluptas asperiores explicabo ullam porro. Qui adipisci omnis omnis iusto. Praesentium odit cupiditate fuga odio corrupti id sit.',709910.64,87,'2021-08-25 07:09:33','2021-08-25 07:09:33'),(88,'autem','Sunt sint et et exercitationem. Et ut ipsa molestias qui qui dolor vel. Molestias et maxime non.',11.50,88,'2021-08-25 07:09:33','2021-08-25 07:09:33'),(89,'dolor','Aut quasi autem consequatur excepturi rerum tempore rem. Excepturi sed eos enim in modi. Debitis ipsam voluptatem et. Sed repellat modi quas perferendis animi doloribus sit.',37838425.35,89,'2021-08-25 07:09:33','2021-08-25 07:09:33'),(90,'aperiam','Sapiente provident veritatis modi qui ut. Qui libero consequatur veniam. Ut aliquid blanditiis quo ex. Nam doloribus in reiciendis sit fugiat aliquid.',756.90,90,'2021-08-25 07:09:33','2021-08-25 07:09:33'),(91,'consequatur','Voluptatem qui aut consequatur ut dolorem fuga maxime. Quis est repellendus alias id saepe numquam esse ut.',870381.83,91,'2021-08-25 07:09:33','2021-08-25 07:09:33'),(92,'error','Doloribus non excepturi reiciendis sapiente numquam omnis vel repudiandae. Quidem in eum sunt rerum. Fuga voluptas rerum tempore.',80179387.00,92,'2021-08-25 07:09:33','2021-08-25 07:09:33'),(93,'delectus','Est aut temporibus ea voluptates perferendis. Dolorum sunt qui dolor. Eligendi perspiciatis neque doloremque unde.',5.18,93,'2021-08-25 07:09:33','2021-08-25 07:09:33'),(94,'et','Voluptas sunt ut esse placeat itaque eos quo est. Occaecati nemo dicta ut minima nulla neque explicabo.',0.00,94,'2021-08-25 07:09:33','2021-08-25 07:09:33'),(95,'optio','Quos illo consequatur distinctio quod. Earum eaque accusamus deleniti iusto libero. Est non tenetur totam eius iusto. Laboriosam et quis sed voluptate amet dolore ipsam ad.',0.00,95,'2021-08-25 07:09:33','2021-08-25 07:09:33'),(96,'vitae','Illo eos animi error in nostrum sequi. Nesciunt debitis eos aspernatur odio rerum. Expedita sit ducimus ad voluptatem sit. Suscipit et illum vel accusamus rem.',5259.55,96,'2021-08-25 07:09:33','2021-08-25 07:09:33'),(97,'id','Dolor exercitationem sit non. Perferendis laborum porro recusandae corporis. Ipsum maiores sapiente necessitatibus sequi nostrum laudantium qui consequatur. Eligendi neque vero natus enim similique.',2.43,97,'2021-08-25 07:09:33','2021-08-25 07:09:33'),(98,'et','Animi modi facilis voluptatem. Dolor nostrum tempora eos ea harum officiis sequi. Voluptatem nam quis consequatur ut libero impedit. Rerum esse quod sit aut totam.',27.20,98,'2021-08-25 07:09:33','2021-08-25 07:09:33'),(99,'sapiente','Minus facilis a voluptatem in sit. Veritatis aut illum officia dolorum cumque voluptas quasi dicta. Quasi tempora quis eum recusandae eos.',50.59,99,'2021-08-25 07:09:33','2021-08-25 07:09:33'),(100,'enim','Dolores occaecati dolorem totam hic et sapiente. Ut non sequi ullam cupiditate labore. In deleniti ullam dicta molestias eos labore.',447.93,100,'2021-08-25 07:09:33','2021-08-25 07:09:33');
/*!40000 ALTER TABLE `products` ENABLE KEYS */;
UNLOCK TABLES;

--
-- Table structure for table `users`
--

DROP TABLE IF EXISTS `users`;
/*!40101 SET @saved_cs_client     = @@character_set_client */;
/*!40101 SET character_set_client = utf8 */;
CREATE TABLE `users` (
  `id` bigint(20) unsigned NOT NULL AUTO_INCREMENT,
  `name` varchar(255) COLLATE utf8mb4_unicode_ci DEFAULT NULL COMMENT 'Имя покупателя',
  `birthday_at` date DEFAULT NULL COMMENT 'Дата рождения',
  `created_at` datetime DEFAULT current_timestamp(),
  `updated_at` datetime DEFAULT current_timestamp() ON UPDATE current_timestamp(),
  PRIMARY KEY (`id`)
) ENGINE=InnoDB AUTO_INCREMENT=101 DEFAULT CHARSET=utf8mb4 COLLATE=utf8mb4_unicode_ci COMMENT='Покупатели';
/*!40101 SET character_set_client = @saved_cs_client */;

--
-- Dumping data for table `users`
--

LOCK TABLES `users` WRITE;
/*!40000 ALTER TABLE `users` DISABLE KEYS */;
INSERT INTO `users` VALUES (1,'pariatur','2018-02-19','2021-08-25 07:08:32','2021-08-25 07:08:32'),(2,'voluptatibus','2012-03-21','2021-08-25 07:08:32','2021-08-25 07:08:32'),(3,'iure','1991-06-27','2021-08-25 07:08:32','2021-08-25 07:08:32'),(4,'sunt','2003-06-18','2021-08-25 07:08:32','2021-08-25 07:08:32'),(5,'est','2007-10-15','2021-08-25 07:08:32','2021-08-25 07:08:32'),(6,'illo','1986-04-05','2021-08-25 07:08:32','2021-08-25 07:08:32'),(7,'blanditiis','2021-04-20','2021-08-25 07:08:32','2021-08-25 07:08:32'),(8,'corrupti','2018-03-05','2021-08-25 07:08:32','2021-08-25 07:08:32'),(9,'a','1992-02-10','2021-08-25 07:08:32','2021-08-25 07:08:32'),(10,'ab','2019-12-04','2021-08-25 07:08:32','2021-08-25 07:08:32'),(11,'eveniet','1980-01-06','2021-08-25 07:08:32','2021-08-25 07:08:32'),(12,'cupiditate','2015-07-27','2021-08-25 07:08:32','2021-08-25 07:08:32'),(13,'voluptatem','1984-08-16','2021-08-25 07:08:32','2021-08-25 07:08:32'),(14,'labore','1994-10-13','2021-08-25 07:08:32','2021-08-25 07:08:32'),(15,'sed','2002-11-27','2021-08-25 07:08:32','2021-08-25 07:08:32'),(16,'vel','2017-06-30','2021-08-25 07:08:32','2021-08-25 07:08:32'),(17,'sed','2001-03-28','2021-08-25 07:08:32','2021-08-25 07:08:32'),(18,'consequuntur','2009-06-02','2021-08-25 07:08:32','2021-08-25 07:08:32'),(19,'necessitatibus','1988-10-22','2021-08-25 07:08:32','2021-08-25 07:08:32'),(20,'eius','2001-06-26','2021-08-25 07:08:32','2021-08-25 07:08:32'),(21,'soluta','1990-07-20','2021-08-25 07:08:32','2021-08-25 07:08:32'),(22,'non','1979-07-11','2021-08-25 07:08:32','2021-08-25 07:08:32'),(23,'quis','2005-06-14','2021-08-25 07:08:32','2021-08-25 07:08:32'),(24,'non','2012-12-01','2021-08-25 07:08:32','2021-08-25 07:08:32'),(25,'et','1977-08-07','2021-08-25 07:08:32','2021-08-25 07:08:32'),(26,'rerum','1984-12-29','2021-08-25 07:08:32','2021-08-25 07:08:32'),(27,'explicabo','2019-09-23','2021-08-25 07:08:32','2021-08-25 07:08:32'),(28,'repudiandae','1996-12-22','2021-08-25 07:08:32','2021-08-25 07:08:32'),(29,'dolor','1973-06-08','2021-08-25 07:08:32','2021-08-25 07:08:32'),(30,'facilis','1970-09-18','2021-08-25 07:08:32','2021-08-25 07:08:32'),(31,'qui','2012-11-21','2021-08-25 07:08:32','2021-08-25 07:08:32'),(32,'ut','2006-05-17','2021-08-25 07:08:32','2021-08-25 07:08:32'),(33,'et','2011-06-17','2021-08-25 07:08:32','2021-08-25 07:08:32'),(34,'sapiente','1971-09-20','2021-08-25 07:08:32','2021-08-25 07:08:32'),(35,'ipsam','1971-10-07','2021-08-25 07:08:32','2021-08-25 07:08:32'),(36,'quis','1999-05-25','2021-08-25 07:08:32','2021-08-25 07:08:32'),(37,'et','2002-12-12','2021-08-25 07:08:32','2021-08-25 07:08:32'),(38,'non','1976-02-06','2021-08-25 07:08:32','2021-08-25 07:08:32'),(39,'eum','1976-06-23','2021-08-25 07:08:32','2021-08-25 07:08:32'),(40,'quia','2014-09-24','2021-08-25 07:08:32','2021-08-25 07:08:32'),(41,'sed','1992-08-02','2021-08-25 07:08:32','2021-08-25 07:08:32'),(42,'velit','2018-02-22','2021-08-25 07:08:32','2021-08-25 07:08:32'),(43,'dolores','1990-09-05','2021-08-25 07:08:32','2021-08-25 07:08:32'),(44,'quam','2005-10-15','2021-08-25 07:08:32','2021-08-25 07:08:32'),(45,'et','1982-07-05','2021-08-25 07:08:32','2021-08-25 07:08:32'),(46,'cumque','2010-10-08','2021-08-25 07:08:32','2021-08-25 07:08:32'),(47,'quaerat','2017-07-02','2021-08-25 07:08:32','2021-08-25 07:08:32'),(48,'et','1972-09-02','2021-08-25 07:08:32','2021-08-25 07:08:32'),(49,'distinctio','2021-03-16','2021-08-25 07:08:32','2021-08-25 07:08:32'),(50,'est','1997-11-12','2021-08-25 07:08:32','2021-08-25 07:08:32'),(51,'dignissimos','1990-08-04','2021-08-25 07:08:32','2021-08-25 07:08:32'),(52,'ut','2019-09-02','2021-08-25 07:08:32','2021-08-25 07:08:32'),(53,'et','1995-07-01','2021-08-25 07:08:32','2021-08-25 07:08:32'),(54,'dolorem','2005-05-19','2021-08-25 07:08:32','2021-08-25 07:08:32'),(55,'delectus','2014-12-27','2021-08-25 07:08:32','2021-08-25 07:08:32'),(56,'similique','1986-09-04','2021-08-25 07:08:32','2021-08-25 07:08:32'),(57,'ipsam','2015-03-09','2021-08-25 07:08:32','2021-08-25 07:08:32'),(58,'et','1995-12-01','2021-08-25 07:08:32','2021-08-25 07:08:32'),(59,'aliquam','2020-08-29','2021-08-25 07:08:32','2021-08-25 07:08:32'),(60,'aspernatur','2008-01-28','2021-08-25 07:08:32','2021-08-25 07:08:32'),(61,'aut','1986-06-08','2021-08-25 07:08:32','2021-08-25 07:08:32'),(62,'et','2017-06-03','2021-08-25 07:08:32','2021-08-25 07:08:32'),(63,'non','1994-07-20','2021-08-25 07:08:32','2021-08-25 07:08:32'),(64,'eos','1989-06-09','2021-08-25 07:08:32','2021-08-25 07:08:32'),(65,'recusandae','2004-10-02','2021-08-25 07:08:32','2021-08-25 07:08:32'),(66,'enim','2020-03-13','2021-08-25 07:08:32','2021-08-25 07:08:32'),(67,'quis','1987-08-03','2021-08-25 07:08:32','2021-08-25 07:08:32'),(68,'cumque','1970-02-28','2021-08-25 07:08:32','2021-08-25 07:08:32'),(69,'eligendi','2005-02-20','2021-08-25 07:08:32','2021-08-25 07:08:32'),(70,'qui','2003-06-13','2021-08-25 07:08:32','2021-08-25 07:08:32'),(71,'voluptatem','2004-09-12','2021-08-25 07:08:32','2021-08-25 07:08:32'),(72,'facilis','2000-10-18','2021-08-25 07:08:32','2021-08-25 07:08:32'),(73,'enim','1991-06-03','2021-08-25 07:08:32','2021-08-25 07:08:32'),(74,'ex','1978-05-08','2021-08-25 07:08:32','2021-08-25 07:08:32'),(75,'in','2014-10-05','2021-08-25 07:08:32','2021-08-25 07:08:32'),(76,'aperiam','2012-05-20','2021-08-25 07:08:32','2021-08-25 07:08:32'),(77,'aperiam','2001-05-27','2021-08-25 07:08:32','2021-08-25 07:08:32'),(78,'velit','1998-04-29','2021-08-25 07:08:32','2021-08-25 07:08:32'),(79,'soluta','2017-09-14','2021-08-25 07:08:32','2021-08-25 07:08:32'),(80,'blanditiis','2009-12-19','2021-08-25 07:08:32','2021-08-25 07:08:32'),(81,'maxime','1991-08-14','2021-08-25 07:08:32','2021-08-25 07:08:32'),(82,'optio','2021-04-10','2021-08-25 07:08:32','2021-08-25 07:08:32'),(83,'cum','1989-11-03','2021-08-25 07:08:32','2021-08-25 07:08:32'),(84,'qui','1971-01-14','2021-08-25 07:08:32','2021-08-25 07:08:32'),(85,'placeat','1970-12-03','2021-08-25 07:08:32','2021-08-25 07:08:32'),(86,'facilis','1996-06-30','2021-08-25 07:08:32','2021-08-25 07:08:32'),(87,'soluta','1979-11-17','2021-08-25 07:08:32','2021-08-25 07:08:32'),(88,'et','1977-12-05','2021-08-25 07:08:32','2021-08-25 07:08:32'),(89,'est','2009-02-28','2021-08-25 07:08:32','2021-08-25 07:08:32'),(90,'earum','1993-10-03','2021-08-25 07:08:32','2021-08-25 07:08:32'),(91,'assumenda','2015-06-17','2021-08-25 07:08:32','2021-08-25 07:08:32'),(92,'sint','2003-01-24','2021-08-25 07:08:32','2021-08-25 07:08:32'),(93,'dicta','1977-02-03','2021-08-25 07:08:32','2021-08-25 07:08:32'),(94,'omnis','2006-07-29','2021-08-25 07:08:32','2021-08-25 07:08:32'),(95,'saepe','2001-03-13','2021-08-25 07:08:32','2021-08-25 07:08:32'),(96,'necessitatibus','2011-04-09','2021-08-25 07:08:32','2021-08-25 07:08:32'),(97,'quidem','1980-05-13','2021-08-25 07:08:32','2021-08-25 07:08:32'),(98,'libero','1996-03-26','2021-08-25 07:08:32','2021-08-25 07:08:32'),(99,'similique','1978-07-18','2021-08-25 07:08:32','2021-08-25 07:08:32'),(100,'repellat','1995-05-18','2021-08-25 07:08:32','2021-08-25 07:08:32');
/*!40000 ALTER TABLE `users` ENABLE KEYS */;
UNLOCK TABLES;
/*!40103 SET TIME_ZONE=@OLD_TIME_ZONE */;

/*!40101 SET SQL_MODE=@OLD_SQL_MODE */;
/*!40014 SET FOREIGN_KEY_CHECKS=@OLD_FOREIGN_KEY_CHECKS */;
/*!40014 SET UNIQUE_CHECKS=@OLD_UNIQUE_CHECKS */;
/*!40101 SET CHARACTER_SET_CLIENT=@OLD_CHARACTER_SET_CLIENT */;
/*!40101 SET CHARACTER_SET_RESULTS=@OLD_CHARACTER_SET_RESULTS */;
/*!40101 SET COLLATION_CONNECTION=@OLD_COLLATION_CONNECTION */;
/*!40111 SET SQL_NOTES=@OLD_SQL_NOTES */;

-- Dump completed on 2021-08-25  7:09:49
